,문제,답변,문제풀이(피드백),대분류,중분류,참고
1,프록시 서버를 설명하고 사용 사례에 대해 설명해보세요.,"프록시 서버란 클라이언트가 자신을 통해서 다른 네트워크 서비스에 간접적으로 접 속할 수 있게 해 주는 서버를 말합니다. 주로 서버 앞단에 둬서 캐싱, 로깅, 데이터 분석을 서버보다 먼저 하는 서버로 쓰입니다. 이를 통해 포트 번호를 바꿔서 사용자 가 실제 서버의 포트에 접근하지 못하게 할 수 있으며, 공격자의 DDOS 공격을 차 단하거나 CDN을 프록시 서버로 캐싱할 수 있으며, nginx를 이용해 Node.js로 이루 어진 서버의 앞단에 둬서 버퍼 오버플로우를 해결할 수도 있습니다.",,,디자인 패턴과 프로그래밍 패러타임,<면접을 위한 CS 전공지식 노트>
2,옵저버 패턴을 어떻게 구현하나요?,여러 가지 방법이 있지만 프록시 객체를 써서 하곤 합니다. 프록시 객체를 통해 객체 의 속성이나 메서드 변화 등을 감지하고 이를 미리 설정해 놓은 옵저버들에게 전달 하는 방법으로 구현합니다.,,,디자인 패턴과 프로그래밍 패러타임,<면접을 위한 CS 전공지식 노트>
3,MVC 패턴을 설명하고 MVVM 패턴과의 차이는 무엇인지 설명해보세요.,"MVC 패턴은 모델(Mode), 뷰(View), 컨트롤러(Controller)로 이루어진 디자인 패 턴입니다. 앱의 구성 요소를 세 가지 역할로 구분하여 개발 프로세스에서 각각의 구 성 요소에만 집중해서 개발할 수 있다는 점과 재사용성과 확장성이 용이하다는 장점 이 있고, 애플리케이션이 복잡해질수록 모델과 뷰의 관계 또한 복잡해지는 단점이 있습니다.
MVVM 패턴은 MVC의 C에 해당하는 컨트롤러가 뷰모델(view model)로 바뀐 패턴 입니다. 여기서 뷰모델은 뷰를 더 추상화한 계층이며, MVVM 패턴은 MVC 패턴과 는 다르게 커맨드와 데이터 바인딩을 가지는 것이 특징입니다. 뷰와 뷰모델 사이의 양방향 데이터 바인딩을 지원하며 UI를 별도의 코드 수정 없이 재사용할 수 있고 단 위 테스팅하기 쉽다는 장점이 있습니다.",,,디자인 패턴과 프로그래밍 패러타임,<면접을 위한 CS 전공지식 노트>
4,OSI 7계층과 TCP/IP 4계층의 차이점은 무엇인가요?,"TCE IP 계층과 달리 OSI 계층은 애플리케이션 계층을 세 개로 쪼개고 링크 계층을 데이터 링크 제종, 물리 계층으로 나눠서 설명하는 것이 다르며, 인터넷 계층을 네트 워크 계층으로 부른다는 점이 다릅니다",,,디자인 패턴과 프로그래밍 패러타임,<면접을 위한 CS 전공지식 노트>
5,HTTP2를 설명하고 장점 두 가지를 말해주세요.,"HTTP/2는 HTTP/1.x보다 지연 시간을 줄이고 응답 시간을 더 빠르게 할 수 있으 며 멀티플렉싱, 헤더 압축, 서버 푸시, 요청의 우선순위 처리를 지원하는 프로토콜입 니다.
장점 두 가지로 멀티플렉싱과 서버 푸시를 들겠습니다.
멀티플렉싱이란 여러 개의 스트림을 사용하여 송수신한다는 것입니다. 이를 통해 특 정 스트림의 패킷이 손실되었다고 하더라도 해당 스트림에만 영향을 미치고 나머지 스트림은 멀쩡하게 동작할 수 있습니다.
서버 푸시란 HTTP/1.1에서는 클라이언트가 서버에 요청을 해야 파일을 다운로드 받을 수 있었다면, HTTP/2는 클라이언트 요청 없이 서버가 바로 리소스를 푸시하 는 것을 말합니다. html에는 css나 js 파일이 포함되기 마련인데 html을 읽으면서 그 안에 들어 있던 css 파일을 서버에서 푸시하여 클라이언트에 먼저 줄 수 있습니다.",,,디자인 패턴과 프로그래밍 패러타임,<면접을 위한 CS 전공지식 노트>
6,www.naver.com을 주소창에 입력하면 어떻게 될까요?,,,,디자인 패턴과 프로그래밍 패러타임,<면접을 위한 CS 전공지식 노트>
7,운영체제의 역할은 무엇인가요?,"운영체제의 역할은 크게 네 가지가 있습니다.
1. CPU 스케줄링과 프로세스 관리: CPU 소유권을 어떤 프로세스에 할당할지, 프로세스의 생성 과 삭제, 자원 할당 및 반환을 관리합니다.
2. 메모리 관리: 한정된 메모리를 어떤 프로세스에 얼마큼 할당해야 하는지 관리합니다.
3. 디스크 파일 관리: 디스크 파일을 어떠한 방법으로 보관할지 관리합니다.
4. 170 디바이스 관리: 1/0 디바이스들인 마우스, 키보드 등과 컴퓨터 간에 데이터를 주고받는 것을 관리합니다. 
SSD를 일컫으며 비휘발성, 속도",,,디자인 패턴과 프로그래밍 패러타임,<면접을 위한 CS 전공지식 노트>
8,PCB는 뭔가요?,"PCB(Process Control Block)는 운영체제에서 프로세스에 대한 메타데이터를 저장한
'데이터'를 말합니다. 프로세스 제어 블록이라고도 합니다. 프로세스가 생성되면 운 영체제는 해당 PCB를 생성합니다.
프로그램이 실행되면 프로세스가 생성되고 프로세스 주소 값들에 앞서 설명한 스택.
힙 등의 구조를 기반으로 메모리가 할당됩니다. 그리고 이 프로세스의 메타데이터들 이 PCB에 저장되어 관리됩니다. 이는 프로세스의 중요한 정보를 포함하고 있기 때 문에 일반 사용자가 접근하지 못하도록 커널 스택의 가장 앞부분에서 관리됩니다.",,,운영체제,<면접을 위한 CS 전공지식 노트>
9,메모리 계층에 대해 설명해보세요.,"메모리 계층은 레지스터, 캐시, 메모리, 저장장치로 구성되어 있습니다. 레지스터 는 CPU 안에 있는 작은 메모리, 휘발성, 속도 가장 빠름, 기억 용량이 가장 낮습니 다. 캐시로는 L1, L2 캐시를 지칭하며 휘발성, 속도 빠름, 기억 용량이 낮습니다. 참 고로 13 캐시도 있습니다. 주기억장치로는 RAM을 가리킵니다. 휘발성, 속도 보통, 기억 용량이 보통입니다. 보조기억장치로는 HDD, SSD를 일컫으며 비휘발성, 속도 낮음, 기억 용량이 높습니다.",,,운영체제,<면접을 위한 CS 전공지식 노트>
10,데이터베이스는 무엇인가요?,"데이터베이스(DB, DataBase)는 일정한 규칙, 혹은 규약을 통해 구조화되어 저장 되는 데이터의 모음입니다. 해당 데이터베이스를 제어, 관리하는 통합 시스템을 DBMS(DataBase Management System)라고 하며, 데이터베이스 안에 있는 데이터 들은 특정 DBMS마다 정의된 쿼리 언어(query language)를 통해 삽입, 삭제, 수정, 조회 등을 수행할 수 있습니다. 또한, 데이터베이스는 실시간 접근과 동시 공유가 가 능합니다.",,,데이터베이스,<면접을 위한 CS 전공지식 노트>
11,중접 루프 조인이 무엇인가요?,"중첩 루프 조인(NL), Nested Loop Join)은 중첩 for 문과 같은 원리로 조건에 맞는 조인을 하는 방법이며, 랜덤 접근에 대한 비용이 많이 증가하므로 대용량의 테이블 에서는 사용하지 않습니다.
예를 들어 ""다, c2 테이블을 조인한다.""라고 했을 때 첫 번째 테이블에서 행을 한 번 에 하나씩 읽고 그다음 테이블에서도 행을 하나씩 읽어 조건에 맞는 레코드를 찾아 결괏값을 반환합니다.",,,데이터베이스,<면접을 위한 CS 전공지식 노트>
12,인덱스를 매 필드마다 설정하는 것이 좋을까요?,"먼저 인덱스는 두 번 탐색을 강요합니다. 인덱스 리스트, 그다음 컬렉션 이렇게 두 번을 탐색하기 때문이며 읽기 관련 비용이 더 들게 됩니다. 그렇기 때문에 매 필드마 다 설정하는 것은 고찰해봐야 합니다.
또한, 테이블이 수정되면 인덱스도 수정되어야 합니다. 책의 본문이 수정되면 목차 나 찾아보기도 수정해야 하듯이 말이죠. 그리고 인덱스를 수정하는 것은 a= 1을 2 = 2처럼 값만 수정하는 것보다 쉽지도 않습니다. B-트리 구조를 사용하기 때문에 트리의 높이를 균형 있게 조절하는 비용도 들고 데이터를 분산시켜서 효율적으로 조 회할 수 있도록 구축하는 비용도 듭니다.
그렇기 때문에 필드에 인덱스를 무작정 다 설정하는 것은 답이 아닙니다. 또한, 컬렉 션에서 가져와야 하는 양이 많을수록 인덱스를 사용하는 것은 비효율적입니다.",,,데이터베이스,<면접을 위한 CS 전공지식 노트>
13,해시 테이블을 설명하세요,해시 테이블은 무한에 가지운 네이터(키)들을 유한한 개수의 해시 값으로 매핑한 테 이불입니다. 이를 통해 작은 크기의 캐시 메모리로도 프로세스를 관리하도록 할 수 있습니다.,,,자료구조,<면접을 위한 CS 전공지식 노트>
14,그래프와 트리의 차이점은 무엇인가요?,"그래프는 정점과 간선으로 이루어진 자료 구조를 말하며, 트리는 그래프 중 하나 로 그래프의 특징처럼 정점과 간선으로 이루어져 있고 트리 구조로 배열된 일종 의 계층적 데이터의 집합입니다. 루트 노드, 내부 노드, 리프 노드 등으로 구성되며 V-1=E 등의 특징이 있습니다.",,,자료구조,<면접을 위한 CS 전공지식 노트>
15,이진 탐색 트리는 어떤 문제점이 있고 이를 해결하기 위한 트리 중 한 가지를 설명해보세요.,"이진 탐색 트리는 선형적으로 구성될 때 시간 복잡도가 O(n)으로 커지는 문제점이 있습니다. 선형적으로 구성하지 않고 균형 잡힌 트리로 구성하기 위해 나온 트리로 AVL 트리와 레드 블랙 트리가 있으며, 이 중 AVL 트리를 설명하겠습니다.
AVL 트리(Adelon-Velsky and Landis tree)는 스스로 균형을 잡는 이진 탐색 트리입 니다. 두 자식 서브트리의 높이는 항상 최대 1만큼 차이 난다는 특징이 있습니다.
탐색, 삽입, 삭제 모두 시간 복잡도가 01ogr)이며 삽입, 삭제를 할 때마다 균형이 맞지 않는 것을 맞추기 위해 트리 일부를 왼쪽 혹은 오른쪽으로 회전시키며 균형을 잡습니다.",,,자료구조,<면접을 위한 CS 전공지식 노트>
16,"형상 관리 도구는 왜 사용하고, 어떤 종류가 있는지 설명해 주세요.",,,공통질문,프로그래밍,"눈떠보니 기술 면접 전날 with JS, Python"
17,Git 과 Githb의 차이를 설명해 주세요.,,,공통질문,프로그래밍,"눈떠보니 기술 면접 전날 with JS, Python"
18,컴파일 언어와 인터프리터 언어의 차이에 대해 설명해 주세요.,,,공통질문,프로그래밍,"눈떠보니 기술 면접 전날 with JS, Python"
19,자바스크립트는 인터프리터 언어인가요?,,,공통질문,프로그래밍,"눈떠보니 기술 면접 전날 with JS, Python"
20,컴파일과 인터프리터 두 방식을 모두 쓰는 언어가 있나요?,,,공통질문,프로그래밍,"눈떠보니 기술 면접 전날 with JS, Python"
21,컴파일 과정에 대해서 추가적으로 설명해 주세요.,,,공통질문,프로그래밍,"눈떠보니 기술 면접 전날 with JS, Python"
22,객체 지향 프로그래밍에 대해서 설명해 주세요.,,,공통질문,프로그래밍,"눈떠보니 기술 면접 전날 with JS, Python"
23,자바스크립트에서의 객체 지향 프로그래밍이란?,,,공통질문,프로그래밍,"눈떠보니 기술 면접 전날 with JS, Python"
24,객체 지향 5원칙이란 무엇인가요?,,,공통질문,프로그래밍,"눈떠보니 기술 면접 전날 with JS, Python"
25,함수형 프로래밍이란 무엇인가요?,,,공통질문,프로그래밍,"눈떠보니 기술 면접 전날 with JS, Python"
26,라이브러리와 프레임워크의 차이점에 대해 설명해 주세요.,,,공통질문,프로그래밍,"눈떠보니 기술 면접 전날 with JS, Python"
27,디자인 패턴에 대하여 설명해 주세요.,,,공통질문,프로그래밍,"눈떠보니 기술 면접 전날 with JS, Python"
28,파이썬에서 유용한 패턴은 어떤 것들이 있을까요?,,,공통질문,프로그래밍,"눈떠보니 기술 면접 전날 with JS, Python"
29,Decorator Pattem과 Decorator의 차이를 알고 있나요?,,,공통질문,프로그래밍,"눈떠보니 기술 면접 전날 with JS, Python"
30,"API rate 1imiting이란 무엇이며, 그것의 주요 목적에 대해서 설명해 주세요.",,,공통질문,프로그래밍,"눈떠보니 기술 면접 전날 with JS, Python"
31,다른 서비스나 서버와의 통신에서 Rate limiting을 적용하는 데 있어서의 주의점은 무엇인가요?,,,공통질문,프로그래밍,"눈떠보니 기술 면접 전날 with JS, Python"
32,Rate 1imiting을 위반했을 때 클라이언트나 사용자에게 어떤 응답을 제공하는 것이 좋은가요?,,,공통질문,프로그래밍,"눈떠보니 기술 면접 전날 with JS, Python"
33,MTV 패턴에 대하여 설명해 주세요.,,,공통질문,프로그래밍,"눈떠보니 기술 면접 전날 with JS, Python"
34,애자일 개발 방법론에 대하여 설명해 주세요,,,공통질문,프로그래밍,"눈떠보니 기술 면접 전날 with JS, Python"
35,애자일 개발 방법론을 적용하기 위하여 사용되는 프로젝트 관리 도구에 대하여 설명해 주세요.,,,공통질문,프로그래밍,"눈떠보니 기술 면접 전날 with JS, Python"
36,"쿠키(Cookies), 세션 스토리지(Session Storage), 로컬 스토리지(Local Storage)의 차이에 대해 설명해 주세요",,,공통질문,프로그래밍,"눈떠보니 기술 면접 전날 with JS, Python"
37,브라우저 동작 과정에 대해서 설명해 주세요,,,공통질문,웹/브라우저,"눈떠보니 기술 면접 전날 with JS, Python"
38,DNS 프로토콜에 대해서 설명해 주세요.,,,공통질문,웹/브라우저,"눈떠보니 기술 면접 전날 with JS, Python"
39,DOM과 BOM에 대해서 설명해 주세요.,,,공통질문,웹/브라우저,"눈떠보니 기술 면접 전날 with JS, Python"
40,브라우저의 동작 과정을 상세하게 설명해 주세요.,,,공통질문,웹/브라우저,"눈떠보니 기술 면접 전날 with JS, Python"
41,"서버 사이드 렌더링과
클라이언트 사이드 렌더링의 차이에 대해 설명해 주세요.",,,공통질문,웹/브라우저,"눈떠보니 기술 면접 전날 with JS, Python"
42,CSR의 동작 과정을 설명해 주세요.,,,공통질문,웹/브라우저,"눈떠보니 기술 면접 전날 with JS, Python"
43,SSR의 동작 과정을 설명해 주세요.,,,공통질문,웹/브라우저,"눈떠보니 기술 면접 전날 with JS, Python"
44,SSR과 CSR의 단점을 보완할 방법이 있나요?,,,공통질문,웹/브라우저,"눈떠보니 기술 면접 전날 with JS, Python"
45,웹 브라우저의 렌더에 관해 설명해 주세요.,,,공통질문,웹/브라우저,"눈떠보니 기술 면접 전날 with JS, Python"
46,Reflow와 Repaint가 실행되는 시점에 대해 설명해 주세요.,,,공통질문,웹/브라우저,"눈떠보니 기술 면접 전날 with JS, Python"
47,웹사이트 성능 최적화 방법에 대해 설명해 주세요.,,,공통질문,웹/브라우저,"눈떠보니 기술 면접 전날 with JS, Python"
48,렌더링 최적화에 대한 기준이 있나요?,,,공통질문,웹/브라우저,"눈떠보니 기술 면접 전날 with JS, Python"
49,라이트하우스가 무엇인가요?,,,공통질문,웹/브라우저,"눈떠보니 기술 면접 전날 with JS, Python"
50,이미지 최적화를 위해 할 방법이 무엇인가요?,,,공통질문,웹/브라우저,"눈떠보니 기술 면접 전날 with JS, Python"
51,브라우저에서 탭 이동 혹은 탭 종료 시에는 세션 스토리지에 어떤 영향을 주는지 설명해 주세요.,,,공통질문,웹/브라우저,"눈떠보니 기술 면접 전날 with JS, Python"
52,세션 스토리지에 저장된 데이터를 다른 탭으로 이동시킬 수 있나요?,,,공통질문,웹/브라우저,"눈떠보니 기술 면접 전날 with JS, Python"
53,프록시 서버의 기능에 대해 설명해주세요.,,,공통질문,웹/브라우저,"눈떠보니 기술 면접 전날 with JS, Python"
54,리버스 프록시란 무엇인지 포워드 프록시와 비교하여 설명해 주세요.,,,공통질문,네트워크,"눈떠보니 기술 면접 전날 with JS, Python"
55,VPN Proxy Server의 차이점에 대해 설명해 주세요.,,,공통질문,네트워크,"눈떠보니 기술 면접 전날 with JS, Python"
56,"HTTP란 무엇인지, HTTP 프로토콜의 가장 큰 특징을 설명해 주세요.",,,공통질문,네트워크,"눈떠보니 기술 면접 전날 with JS, Python"
57,HTIP와 HTTPS의 차이점에 대해 설명해 주세요.,,,공통질문,네트워크,"눈떠보니 기술 면접 전날 with JS, Python"
58,HTTPS 동작방식을 설명해 주세요.,,,공통질문,네트워크,"눈떠보니 기술 면접 전날 with JS, Python"
59,HTTP 1.1과 HTTP 2.0의 차이를 설명해 주세요.,,,공통질문,네트워크,"눈떠보니 기술 면접 전날 with JS, Python"
60,HTTP 버전별 성능과 기능의 차이점을 설명해 주세요.,,,공통질문,네트워크,"눈떠보니 기술 면접 전날 with JS, Python"
61,"GET, POST, PUT, DELETE에 대해 설명해 주세요.",,,공통질문,네트워크,"눈떠보니 기술 면접 전날 with JS, Python"
62,"URI, URL, URN에 대해 설명해 주세요.",,,공통질문,네트워크,"눈떠보니 기술 면접 전날 with JS, Python"
63,REST API에 대해 설명해 주세요.,,,공통질문,네트워크,"눈떠보니 기술 면접 전날 with JS, Python"
64,RESTfuL APT와 REST APT의 차이점에 대해 설명해 주세요.,,,공통질문,네트워크,"눈떠보니 기술 면접 전날 with JS, Python"
65,REST API의 장단점을 설명해 주세요.,,,공통질문,네트워크,"눈떠보니 기술 면접 전날 with JS, Python"
66,REST API의 사용 사례를 설명해 주세요.,,,공통질문,네트워크,"눈떠보니 기술 면접 전날 with JS, Python"
67,DNS에 대해 설명해 주세요.,,,공통질문,네트워크,"눈떠보니 기술 면접 전날 with JS, Python"
68,D5의 기본 동작 방식에 대해 설명해 주세요.,,,공통질문,네트워크,"눈떠보니 기술 면접 전날 with JS, Python"
69,TCP와 UDP 방식의 차이점에 대해 설명해 주세요,,,공통질문,네트워크,"눈떠보니 기술 면접 전날 with JS, Python"
70,동작 순서가 어떻게 되나요?,,,공통질문,네트워크,"눈떠보니 기술 면접 전날 with JS, Python"
71,SOAP에 대해서 설명해 주세요.,,,공통질문,네트워크,"눈떠보니 기술 면접 전날 with JS, Python"
72,웹 호스팅에 대하여 설명해 주세요.,,,공통질문,네트워크,"눈떠보니 기술 면접 전날 with JS, Python"
73,웹 사이트 속도는 호스트 서버의 위치에 영향을 받나요?,,,공통질문,네트워크,"눈떠보니 기술 면접 전날 with JS, Python"
74,웹 서버에 대하여 설명해 주세요.,,,공통질문,네트워크,"눈떠보니 기술 면접 전날 with JS, Python"
75,웹 서버의 동작 순서는 어떻게 되나요?,,,공통질문,네트워크,"눈떠보니 기술 면접 전날 with JS, Python"
76,WS와 분리하여 사용하는 이유는 무엇인가요?,,,공통질문,네트워크,"눈떠보니 기술 면접 전날 with JS, Python"
77,CORS란 무엇인가요?,,,공통질문,네트워크,"눈떠보니 기술 면접 전날 with JS, Python"
78,CORS에 대처하는 방법을 구체적으로 설명해 주세요,,,공통질문,보안,"눈떠보니 기술 면접 전날 with JS, Python"
79,CORS를 우회하는 방법에 대해 구체적으로 설명해 주세요.,,,공통질문,보안,"눈떠보니 기술 면접 전날 with JS, Python"
80,"Cross Origin 요청이란 무엇이고, 어떤 상황에서 CORS Error를 만날 수 있나요?",,,공통질문,보안,"눈떠보니 기술 면접 전날 with JS, Python"
81,XSS에 대해서 간단히 설명해 주세요.,,,공통질문,보안,"눈떠보니 기술 면접 전날 with JS, Python"
82,XSS 공격을 막는 방법에는 무엇이 있나요?,,,공통질문,보안,"눈떠보니 기술 면접 전날 with JS, Python"
83,CSRF에 대해서 간단히 설명해 주세요,,,공통질문,보안,"눈떠보니 기술 면접 전날 with JS, Python"
84,CSRF 공격을 막는 방법에는 무엇이 있나요?,,,공통질문,보안,"눈떠보니 기술 면접 전날 with JS, Python"
85,XSS와 CSRF 공격의 차이점에 대해 설명해 주세요.,,,공통질문,보안,"눈떠보니 기술 면접 전날 with JS, Python"
86,!DOCTYPE이 무엇인지 설명해 주세요.,,,프론트엔드,보안,"눈떠보니 기술 면접 전날 with JS, Python"
87,!DOCTYPE을 선언하지 않으면 어떻게 되나요?,,,프론트엔드,HTML/CSS,"눈떠보니 기술 면접 전날 with JS, Python"
88,HTML의 data-속성의 목적을 설명해 주세요.,,,프론트엔드,HTML/CSS,"눈떠보니 기술 면접 전날 with JS, Python"
89,meta 태그에 대해 설명해 주세요.,,,프론트엔드,HTML/CSS,"눈떠보니 기술 면접 전날 with JS, Python"
90,메타 데이터에 대해 설명해 주세요.,,,프론트엔드,HTML/CSS,"눈떠보니 기술 면접 전날 with JS, Python"
91,시맨틱 태그에 대해 설명해 주세요.,,,프론트엔드,HTML/CSS,"눈떠보니 기술 면접 전날 with JS, Python"
92,section요소와 article 요소의 사용 용도에 관해 설명해 주세요.,,,프론트엔드,HTML/CSS,"눈떠보니 기술 면접 전날 with JS, Python"
93,id와 class 의 차이점을 설명해 주세요.,,,프론트엔드,HTML/CSS,"눈떠보니 기술 면접 전날 with JS, Python"
94,선택자 우선 순위가 어떻게 되나요?,,,프론트엔드,HTML/CSS,"눈떠보니 기술 면접 전날 with JS, Python"
95,CSS에서 박스 모델에 대해 설명해 주세요.,,,프론트엔드,HTML/CSS,"눈떠보니 기술 면접 전날 with JS, Python"
96,마진 병합 현상이란 무엇인가요?,,,프론트엔드,HTML/CSS,"눈떠보니 기술 면접 전날 with JS, Python"
97,CSS에서 position을 어떻게 사용하는지 설명해 주세요.,,,프론트엔드,HTML/CSS,"눈떠보니 기술 면접 전날 with JS, Python"
98,왜 애니메이션을 이용 할 때 transform을 이용하는 것이 좋나요?,,,프론트엔드,HTML/CSS,"눈떠보니 기술 면접 전날 with JS, Python"
99,CSS에서 C는 Cascading을 의미하는데 이에 대한 설명과 캐스케이딩 시스템의 장점을 설명해 주세요.,,,프론트엔드,HTML/CSS,"눈떠보니 기술 면접 전날 with JS, Python"
100,CSS에서 display 속성과 각 요소에 관해서 설명해 주세요.,,,프론트엔드,HTML/CSS,"눈떠보니 기술 면접 전날 with JS, Python"
101,inline-block은 inline과 block의 특징을 모두 가지고 있기 때문에 어떤 상황에서 사용하면 좋나요?,,,프론트엔드,HTML/CSS,"눈떠보니 기술 면접 전날 with JS, Python"
102,"반응형 웹이 무엇이며, 어떤 원리로 동작하는지 설명해 주세요.",,,프론트엔드,HTML/CSS,"눈떠보니 기술 면접 전날 with JS, Python"
103,반응형 웹을 만들기 위해 사용하는 단위에 대해 설명해 주세요.,,,프론트엔드,HTML/CSS,"눈떠보니 기술 면접 전날 with JS, Python"
104,반응형 웹을 사용하는 이유에 대해 설명해 주세요.,,,프론트엔드,HTML/CSS,"눈떠보니 기술 면접 전날 with JS, Python"
105,반응형 웹과 적응형 웹의 차이는 무엇인가요?,,,프론트엔드,HTML/CSS,"눈떠보니 기술 면접 전날 with JS, Python"
106,"Var, let, const의 차이에 대해 설명해 주세요.",,,프론트엔드,JavaScript,"눈떠보니 기술 면접 전날 with JS, Python"
107,"var 키워드 대신 let, const 키워드를 사용하는 이유가 있나요?",,,프론트엔드,JavaScript,"눈떠보니 기술 면접 전날 with JS, Python"
108,실행 컨텍스트에 대해 설명해 주세요.,,,프론트엔드,JavaScript,"눈떠보니 기술 면접 전날 with JS, Python"
109,호이스팅에 대해 설명해 주세요.,,,프론트엔드,JavaScript,"눈떠보니 기술 면접 전날 with JS, Python"
110,"let, const 키워드를 사용하면 호이스팅이 일어나지 않나요?",,,프론트엔드,JavaScript,"눈떠보니 기술 면접 전날 with JS, Python"
111,Temporal Dead Zone이란 무엇인가요?,,,프론트엔드,JavaScript,"눈떠보니 기술 면접 전날 with JS, Python"
112,스코프 체이닝이 무엇인지 설명해 주세요.,,,프론트엔드,JavaScript,"눈떠보니 기술 면접 전날 with JS, Python"
113,클로저에 대해 설명해 주세요.,,,프론트엔드,JavaScript,"눈떠보니 기술 면접 전날 with JS, Python"
114,클로저를 어떻게 사용하나요?,,,프론트엔드,JavaScript,"눈떠보니 기술 면접 전날 with JS, Python"
115,"스코프는 무엇인지, 어떤 종류가 있는지 설명해 주세요.",,,프론트엔드,JavaScript,"눈떠보니 기술 면접 전날 with JS, Python"
116,Prototype 에 대해 설명해 주세요.,,,프론트엔드,JavaScript,"눈떠보니 기술 면접 전날 with JS, Python"
117,자바스크립트의 Prototype 체이닝에 대해 설명해 주세요.,,,프론트엔드,JavaScript,"눈떠보니 기술 면접 전날 with JS, Python"
118,자바스크립트의 Object.prototype은 무엇인가요?,,,프론트엔드,JavaScript,"눈떠보니 기술 면접 전날 with JS, Python"
119,this 동작에 대해 설명해 주세요.,,,프론트엔드,JavaScript,"눈떠보니 기술 면접 전날 with JS, Python"
120,동기와 비동기에 대해 설명해 주세요.,,,프론트엔드,JavaScript,"눈떠보니 기술 면접 전날 with JS, Python"
121,이벤트 루프에 대해서 설명해 주세요.,,,프론트엔드,JavaScript,"눈떠보니 기술 면접 전날 with JS, Python"
122,태스크 큐에 대해서 설명해 주세요.,,,프론트엔드,JavaScript,"눈떠보니 기술 면접 전날 with JS, Python"
123,비동기의 동작원리를 설명해 주세요.,,,프론트엔드,JavaScript,"눈떠보니 기술 면접 전날 with JS, Python"
124,"Promise, async, await이 뭔지 그리고 사용 방법을 설명해 주세요.",,,프론트엔드,JavaScript,"눈떠보니 기술 면접 전날 with JS, Python"
125,"promise와 async, await의 차이를 설명해 주세요.",,,프론트엔드,JavaScript,"눈떠보니 기술 면접 전날 with JS, Python"
126,promise.all()에 대해 설명해 주세요.,,,프론트엔드,JavaScript,"눈떠보니 기술 면접 전날 with JS, Python"
127,Promise 와 Callback 차이를 설명해 주세요.,,,프론트엔드,JavaScript,"눈떠보니 기술 면접 전날 with JS, Python"
128,TypeScript와 Javascript의 차이를 설명해 주세요.,,,프론트엔드,JavaScript,"눈떠보니 기술 면접 전날 with JS, Python"
129,타입과 인터페이스의 차이점과 왜 사용하는지 설명해 주세요.,,,프론트엔드,JavaScript,"눈떠보니 기술 면접 전날 with JS, Python"
130,동적 타이핑 언어의 특징에 대해 설명해 주세요.,,,프론트엔드,JavaScript,"눈떠보니 기술 면접 전날 with JS, Python"
131,자바스크립트 엔진의 동작 과정에 대해 설명해 주세요.,,,프론트엔드,JavaScript,"눈떠보니 기술 면접 전날 with JS, Python"
132,자바스크립트 엔진을 구성하는 메모리 힙과 콜 스택에 대해 설명해 주세요.,,,프론트엔드,JavaScript,"눈떠보니 기술 면접 전날 with JS, Python"
133,자바스크립트 코드를 바이트 코드로 변환하는 과정에 대해 설명해 주세요.,,,프론트엔드,JavaScript,"눈떠보니 기술 면접 전날 with JS, Python"
134,V8 엔진에 대해 설명해 주세요.,,,프론트엔드,JavaScript,"눈떠보니 기술 면접 전날 with JS, Python"
135,SPA에 대해 설명해 주세요.,,,프론트엔드,JavaScript,"눈떠보니 기술 면접 전날 with JS, Python"
136,CSR과 SSR에 대해서 설명해 주세요.,,,프론트엔드,JavaScript,"눈떠보니 기술 면접 전날 with JS, Python"
137,MPA(Multiple Page Aoplication)에 대해 설명해 주세요.,,,프론트엔드,JavaScript,"눈떠보니 기술 면접 전날 with JS, Python"
138,모듈 번들러와 트랜스파일러에 대해 설명해 주세요.,,,프론트엔드,JavaScript,"눈떠보니 기술 면접 전날 with JS, Python"
139,모듈 번들러를 왜 사용하는지 설명해 주세요.,,,프론트엔드,JavaScript,"눈떠보니 기술 면접 전날 with JS, Python"
140,webpack을 왜 사용하는지 설명해 주세요.,,,프론트엔드,JavaScript,"눈떠보니 기술 면접 전날 with JS, Python"
141,React를 프로젝트에 도입해야 하는 이유를 설명해 주세요,,,프론트엔드,React,"눈떠보니 기술 면접 전날 with JS, Python"
142,컴포년트 기반 개발에서 어떻게 재사용을 유도하나요?,,,프론트엔드,React,"눈떠보니 기술 면접 전날 with JS, Python"
143,생명주기에 대해 설명해 주세요.,,,프론트엔드,React,"눈떠보니 기술 면접 전날 with JS, Python"
144,Virtual DOM이란 무엇인지 설명해 주세요.,,,프론트엔드,React,"눈떠보니 기술 면접 전날 with JS, Python"
145,Props와 State의 공통점과 차이점에 관해 설명해 주세요,,,프론트엔드,React,"눈떠보니 기술 면접 전날 with JS, Python"
146,"Props Drilling은 무엇이고, 해결 방법은 무엇인지 설명해 주세요.",,,프론트엔드,React,"눈떠보니 기술 면접 전날 with JS, Python"
147,Context API에 대해 설명해 주세요.,,,프론트엔드,React,"눈떠보니 기술 면접 전날 with JS, Python"
148,왜 Context를 두고 상태 관리 라이브러리들이 생겼나요?,,,프론트엔드,React,"눈떠보니 기술 면접 전날 with JS, Python"
149,클래스형 컴포넌트와 함수형 컴포넌트의 차이에 관해 설명해 주세요,,,프론트엔드,React,"눈떠보니 기술 면접 전날 with JS, Python"
150,함수형의 장점이 더 많으니 반드시 클래스형보다 함수형을 써야 할까요?,,,프론트엔드,React,"눈떠보니 기술 면접 전날 with JS, Python"
151,React hooks는 무엇인지 설명해 주세요.,,,프론트엔드,React,"눈떠보니 기술 면접 전날 with JS, Python"
152,왜 hook이 나오게 되었나요?,,,프론트엔드,React,"눈떠보니 기술 면접 전날 with JS, Python"
153,상태(State)를 직접 변경하지 않고 set 함수를 사용하는 이유를 설명해 주세요.,,,프론트엔드,React,"눈떠보니 기술 면접 전날 with JS, Python"
154,"만약 상태를 직접 변경한다면, 어떻게 될까요?",,,프론트엔드,React,"눈떠보니 기술 면접 전날 with JS, Python"
155,리액트의 렌더링 성능 향상 방법에 관해 설명해 주세요.,,,프론트엔드,React,"눈떠보니 기술 면접 전날 with JS, Python"
156,Lazy Loading은 어떻게 사용되나요?,,,프론트엔드,React,"눈떠보니 기술 면접 전날 with JS, Python"
157,제어 컴포넌트와 비제어 컴포넌트는 언제 사용하나요?,,,프론트엔드,React,"눈떠보니 기술 면접 전날 with JS, Python"
158,메모이제이션이 무엇이고 언제 사용해야 하는지 설명해 주세요.,,,프론트엔드,React,"눈떠보니 기술 면접 전날 with JS, Python"
159,useMemo와 useCallback에 대한 개념과 언제 사용해야 하는지 설명해 주세요.,,,프론트엔드,React,"눈떠보니 기술 면접 전날 with JS, Python"
160,React.memo는 무엇인지 설명해 주세요.,,,프론트엔드,React,"눈떠보니 기술 면접 전날 with JS, Python"
161,RDB와 NoSQL의 차이에 대해 설명해 주세요.,,,백엔드,데이터베이스,"눈떠보니 기술 면접 전날 with JS, Python"
162,NoSQL의 강점과 약점이 무엇인가요?,,,백엔드,데이터베이스,"눈떠보니 기술 면접 전날 with JS, Python"
163,"DDL, DML, DCL 이란 무엇인가요?",,,백엔드,데이터베이스,"눈떠보니 기술 면접 전날 with JS, Python"
164,데이터베이스에서 인덱스를 사용하는 이유와 장단점을 설명해 주세요.,,,백엔드,데이터베이스,"눈떠보니 기술 면접 전날 with JS, Python"
165,일반적으로 인덱스는 수정이 잦은 테이블에선 사용하지 않기를 권합니다. 그 이유에 대해서 설명해 주세요.,,,백엔드,데이터베이스,"눈떠보니 기술 면접 전날 with JS, Python"
166,"기본키는 인덱스라고 할 수 있을까요? 그렇지 않다면, 인덱스와 기본키는 어떤 차이가 있나요?",,,백엔드,데이터베이스,"눈떠보니 기술 면접 전날 with JS, Python"
167,트랜잭션에 대해서 설명해 주세요.,,,백엔드,데이터베이스,"눈떠보니 기술 면접 전날 with JS, Python"
168,데이터를 읽을 때는 트랜잭션을 적용하지 않아도 되는지 설명해 주세요.,,,백엔드,데이터베이스,"눈떠보니 기술 면접 전날 with JS, Python"
169,트랜잭션의 롤백 과정에 대해 설명해 주세요.,,,백엔드,데이터베이스,"눈떠보니 기술 면접 전날 with JS, Python"
170,ACID에 대해서 설명해 주세요.,,,백엔드,데이터베이스,"눈떠보니 기술 면접 전날 with JS, Python"
171,ACID 속성과 BASE 속성의 차이점을 설명해 주세요.,,,백엔드,데이터베이스,"눈떠보니 기술 면접 전날 with JS, Python"
172,데이터 정규화와 비정규화에 대해서 설명해 주세요.,,,백엔드,데이터베이스,"눈떠보니 기술 면접 전날 with JS, Python"
173,트랜잭션 격리수준에 대해서 설명해 주세요.,,,백엔드,데이터베이스,"눈떠보니 기술 면접 전날 with JS, Python"
174,모든 데이터베이스 관리 시스템(DBMS)가 4개의 격리 수준을 구현하나요? 그렇지 않다면 그 이유를 설명해 주세요.,,,백엔드,데이터베이스,"눈떠보니 기술 면접 전날 with JS, Python"
175,트랜잭션을 병렬로 처리한다면 발생할 수 있는 문제를 설명해 주세요.,,,백엔드,데이터베이스,"눈떠보니 기술 면접 전날 with JS, Python"
176,Redis에 대해서 설명해 주세요.,,,백엔드,데이터베이스,"눈떠보니 기술 면접 전날 with JS, Python"
177,Redis는 언제 사용하는지 설명해 주세요.,,,백엔드,데이터베이스,"눈떠보니 기술 면접 전날 with JS, Python"
178,Redis 사용 시에 주의해야 할 점을 설명해 주세요.,,,백엔드,데이터베이스,"눈떠보니 기술 면접 전날 with JS, Python"
179,Elastic search에 대해서 간단히 설명해 주세요.,,,백엔드,데이터베이스,"눈떠보니 기술 면접 전날 with JS, Python"
180,Elastic search 클러스터(Custer)에 대해서 간단하게 설명해 주세요.,,,백엔드,데이터베이스,"눈떠보니 기술 면접 전날 with JS, Python"
181,Elastic Search의 키워드 검색과 POBS의 LIE 검색의 차이에 대해 설명해 주세요.,,,백엔드,데이터베이스,"눈떠보니 기술 면접 전날 with JS, Python"
182,JOIN에 대해 설명해 주세요.,,,백엔드,데이터베이스,"눈떠보니 기술 면접 전날 with JS, Python"
183,JOIN 연산 시 성능상 주의해야 할 점을 설명해 주세요.,,,백엔드,데이터베이스,"눈떠보니 기술 면접 전날 with JS, Python"
184,PULL OUTER JOIN을 어떤 상황에 사용하는지 설명해 주세요.,,,백엔드,데이터베이스,"눈떠보니 기술 면접 전날 with JS, Python"
185,MongoDB에 대해서 간단히 설명해 주세요.,,,백엔드,데이터베이스,"눈떠보니 기술 면접 전날 with JS, Python"
186,MongoDB의 스키마리스(schemaless) 특징을 간단히 설명해 주세요.,,,백엔드,데이터베이스,"눈떠보니 기술 면접 전날 with JS, Python"
187,MongoDB의 Replica Set이 무엇인지 간단히 설명해 주세요.,,,백엔드,데이터베이스,"눈떠보니 기술 면접 전날 with JS, Python"
188,배열과 연결 리스트의 차이점에 대해서 설명해 주세요.,,,백엔드,자료구조&알고리즘,"눈떠보니 기술 면접 전날 with JS, Python"
189,배열과 연결 리스트 중 어떤 상황에서 어떤 데이터 구조를 선택해야 하나요?,,,백엔드,자료구조&알고리즘,"눈떠보니 기술 면접 전날 with JS, Python"
190,연결 리스트에서 노드를 삭제할 때 메모리 누수를 어떻게 방지할 수 있나요?,,,백엔드,자료구조&알고리즘,"눈떠보니 기술 면접 전날 with JS, Python"
191,스택과 큐의 차이를 설명해 주세요.,,,백엔드,자료구조&알고리즘,"눈떠보니 기술 면접 전날 with JS, Python"
192,스택과 큐의 주요 용도는 무엇인가요?,,,백엔드,자료구조&알고리즘,"눈떠보니 기술 면접 전날 with JS, Python"
193,해시 테이블은 무엇이며 어떤 상황에 사용하는지 설명해 주세요.,,,백엔드,자료구조&알고리즘,"눈떠보니 기술 면접 전날 with JS, Python"
194,해시 테이블에서 충돌(Collision)은 어떻게 처리되나요?,,,백엔드,자료구조&알고리즘,"눈떠보니 기술 면접 전날 with JS, Python"
195,트리 자료구조에 관해 설명해 주세요. 이진 트리와 이진 탐색 트리의 차이는?,,,백엔드,자료구조&알고리즘,"눈떠보니 기술 면접 전날 with JS, Python"
196,이진 탐색 트리를 활용한 실제 응용 사례나 문제 해결에 어떻게 활용되는지 예시를 제시해주실 수 있을까요?,,,백엔드,자료구조&알고리즘,"눈떠보니 기술 면접 전날 with JS, Python"
197,"이진 탐색 트리의 시간 복잡도는 어떻게 계산되며, 어떤 상황에서 최악의 시간 복잡도를 갖을 수 있을까요?",,,백엔드,자료구조&알고리즘,"눈떠보니 기술 면접 전날 with JS, Python"
198,그래프 자료구조와 그래프 탐색 알고리즘에 대해 설명해 주세요.,,,백엔드,자료구조&알고리즘,"눈떠보니 기술 면접 전날 with JS, Python"
199,그래프 색 알고리즘을 활용하여 어떻게 최단 경로를 찾을 수 있는지 자세히 설명해주실 수 있을까요?,,,백엔드,자료구조&알고리즘,"눈떠보니 기술 면접 전날 with JS, Python"
200,그래프 자료 구조를 사용하여 현실 세계의 어떤 문제를 해결할 수 있는 예를 들어볼 수 있을까요?,,,백엔드,자료구조&알고리즘,"눈떠보니 기술 면접 전날 with JS, Python"
201,시간 복잡도와 공간 복잡도란 무엇이며 언제 사용되는지 설명해 주세요.,,,백엔드,자료구조&알고리즘,"눈떠보니 기술 면접 전날 with JS, Python"
202,시간 복잡도와 공간 복잡도 중 어느 것이 더 중요한가요?,,,백엔드,자료구조&알고리즘,"눈떠보니 기술 면접 전날 with JS, Python"
203,시간 복잡도를 최적화하는 방법 중 어떤 기술이 자주 사용되나요?,,,백엔드,자료구조&알고리즘,"눈떠보니 기술 면접 전날 with JS, Python"
204,이진 탐색 알고리즘을 설명해 주세요.,,,백엔드,자료구조&알고리즘,"눈떠보니 기술 면접 전날 with JS, Python"
205,이진 탐색 알고리즘의 동작 과정을 설명해보세요.,,,백엔드,자료구조&알고리즘,"눈떠보니 기술 면접 전날 with JS, Python"
206,다른 검색 알고리즘과 비교했을 때 어떤 장점을 가지고 있나요?,,,백엔드,자료구조&알고리즘,"눈떠보니 기술 면접 전날 with JS, Python"
207,다이내믹 프로그래밍이 무엇이며 어떤 문제에 사용하는지 설명해 주세요.,,,백엔드,자료구조&알고리즘,"눈떠보니 기술 면접 전날 with JS, Python"
208,다이나믹 프로그래밍을 사용한 예제를 들어볼 수 있을까요?,,,백엔드,자료구조&알고리즘,"눈떠보니 기술 면접 전날 with JS, Python"
209,다이나믹 프로그래밍과 분할 정복의 차이점은 무엇인가요?,,,백엔드,자료구조&알고리즘,"눈떠보니 기술 면접 전날 with JS, Python"
210,그리디 알고리즘과 다이내믹 프로그래밍의 차이점에 대해 설명해 주세요.,,,백엔드,자료구조&알고리즘,"눈떠보니 기술 면접 전날 with JS, Python"
211,그리디 알고리즘을 사용할 때 최적해를 보장할 수 없는 상황은 어떤 경우인가요?,,,백엔드,자료구조&알고리즘,"눈떠보니 기술 면접 전날 with JS, Python"
212,DDoS 공격 대해서 설명해 주세요.,,,백엔드,암호화 & 보안,"눈떠보니 기술 면접 전날 with JS, Python"
213,DDoS 공격을 막기 위한 방법에 대해서 설명해 주세요.,,,백엔드,암호화 & 보안,"눈떠보니 기술 면접 전날 with JS, Python"
214,Dos(Denial of Service)와 DDos(Distributed Dental of Service)의 차이점에 대해서 설명해 주세요.,,,백엔드,암호화 & 보안,"눈떠보니 기술 면접 전날 with JS, Python"
215,JWT(JSON Web Token)에 대해서 간단히 설명해 주세요.,,,백엔드,암호화 & 보안,"눈떠보니 기술 면접 전날 with JS, Python"
216,JWT(JSON Web Token)에 대해서 간단히 설명해 주세요.,,,백엔드,암호화 & 보안,"눈떠보니 기술 면접 전날 with JS, Python"
217,JWT의 만료된 토큰을 다시 갱신하는 방법에 대해 설명해 주세요.,,,백엔드,암호화 & 보안,"눈떠보니 기술 면접 전날 with JS, Python"
218,JWT의 서명 검증하는 과정을 간단하게 설명해 주세요.,,,백엔드,암호화 & 보안,"눈떠보니 기술 면접 전날 with JS, Python"
219,OAuth에 대해서 간단히 설명해 주세요.,,,백엔드,암호화 & 보안,"눈떠보니 기술 면접 전날 with JS, Python"
220,OAuth는 어떻게 작동하나요?,,,백엔드,암호화 & 보안,"눈떠보니 기술 면접 전날 with JS, Python"
221,SQL Injection에 대해서 간단히 설명해 주세요.,,,백엔드,암호화 & 보안,"눈떠보니 기술 면접 전날 with JS, Python"
222,SQL Injection을 방지하기 위한 방법에 대해 설명해 주세요.,,,백엔드,암호화 & 보안,"눈떠보니 기술 면접 전날 with JS, Python"
223,단방향 암호화에 대해서 간단히 설명해 주세요.,,,백엔드,암호화 & 보안,"눈떠보니 기술 면접 전날 with JS, Python"
224,단방향 암호화로 해시된 비밀번호가 유출되면 어떤 문제가 발생할 수 있나요?,,,백엔드,암호화 & 보안,"눈떠보니 기술 면접 전날 with JS, Python"
225,해시 값 유출에 대한 문제를 방지하기 위한 방법에는 무엇이 있나요?,,,백엔드,암호화 & 보안,"눈떠보니 기술 면접 전날 with JS, Python"
226,"솔트(salt)란 무엇이며, 왜 사용하는지 설명해 주세요.",,,백엔드,암호화 & 보안,"눈떠보니 기술 면접 전날 with JS, Python"
227,블록체인에 대해서 설명해 주세요.,,,백엔드,암호화 & 보안,"눈떠보니 기술 면접 전날 with JS, Python"
228,블록체인의 거래 검증 과정에 대해 설명해 주세요.,,,백엔드,암호화 & 보안,"눈떠보니 기술 면접 전날 with JS, Python"
229,블록체인에 관련된 공격 중 51% 공격 이란 무엇인가요?,,,백엔드,암호화 & 보안,"눈떠보니 기술 면접 전날 with JS, Python"
230,"비대칭키 암호화, 대칭키 암호화에 대해 간단히 설명해 주세요.",,,백엔드,암호화 & 보안,"눈떠보니 기술 면접 전날 with JS, Python"
231,대칭키 암호화와 비대칭키 암호화 중 어떤 것이 더 안전한가요?,,,백엔드,암호화 & 보안,"눈떠보니 기술 면접 전날 with JS, Python"
232,대칭키 암호화와 비대칭키 암호화 중 어떤 것이 더 안전한가요?,,,백엔드,암호화 & 보안,"눈떠보니 기술 면접 전날 with JS, Python"
233,암호화 방식을 선택할 때 고려할 요소는 무엇이 있나요?,,,백엔드,암호화 & 보안,"눈떠보니 기술 면접 전날 with JS, Python"
234,정보보안 38소에 대해서 설명해 주세요.,,,백엔드,암호화 & 보안,"눈떠보니 기술 면접 전날 with JS, Python"
235,각 정보보안 요소를 보장하기 위한 기술에는 무엇이 있나요?,,,백엔드,암호화 & 보안,"눈떠보니 기술 면접 전날 with JS, Python"
236,Python의 GIL(Glcbal Interpreter Lock)이 무엇인지 설명해 주세요,,,백엔드,Python,"눈떠보니 기술 면접 전날 with JS, Python"
237,그럼 멀티 쓰레드 환경에선 어떻게 사용하면 될까요?,,,백엔드,Python,"눈떠보니 기술 면접 전날 with JS, Python"
238,python의 메모리 구조와 GC에 대해서 설명해주실 수 있나요?,,,백엔드,Python,"눈떠보니 기술 면접 전날 with JS, Python"
239,뮤텍스(Mutex)에 대해서는 아시나요?,,,백엔드,Python,"눈떠보니 기술 면접 전날 with JS, Python"
240,파이썬의 가비지 컬렉션에 대해 설명해 주세요.,,,백엔드,Python,"눈떠보니 기술 면접 전날 with JS, Python"
241,자바의 가비지 컬렉션과 어떤 차이점이 있을까요?,,,백엔드,Python,"눈떠보니 기술 면접 전날 with JS, Python"
242,파이썬의 내장되어 있는 정렬 함수들에 대해서 설명해 주세요,,,백엔드,Python,"눈떠보니 기술 면접 전날 with JS, Python"
243,Timsort 알고리즘에 대해서 알고 있나요?,,,백엔드,Python,"눈떠보니 기술 면접 전날 with JS, Python"
244,리스트와 튜플의 차이점에 대해 설명해 주세요.,,,백엔드,Python,"눈떠보니 기술 면접 전날 with JS, Python"
245,튜플의 값은 변경이 가능한가요?,,,백엔드,Python,"눈떠보니 기술 면접 전날 with JS, Python"
246,파이썬의 실행 과정에 대해서 설명해 주세요.,,,백엔드,Python,"눈떠보니 기술 면접 전날 with JS, Python"
247,파이썬의 .pyc 파일과 .py파일에 대해 설명해 주세요.,,,백엔드,Python,"눈떠보니 기술 면접 전날 with JS, Python"
248,"파이썬에서 변수 선언 시, 데이터 유형은 어떻게 정의되는지 설명해 주세요.",,,백엔드,Python,"눈떠보니 기술 면접 전날 with JS, Python"
249,파이썬의 빌트인 함수에 대해 설명해 주세요.,,,백엔드,Python,"눈떠보니 기술 면접 전날 with JS, Python"
250,빌트인 함수 사용의 장점이 있나요?,,,백엔드,Python,"눈떠보니 기술 면접 전날 with JS, Python"
251,파이썬의 generator는 무엇인지 설명해 주세요.,,,백엔드,Python,"눈떠보니 기술 면접 전날 with JS, Python"
252,generator는 어떤 상황에서 사용하면 좋을까요?,,,백엔드,Python,"눈떠보니 기술 면접 전날 with JS, Python"
253,OS(운영체제) 대해 설명해 주세요.,,,백엔드,운영체제,"눈떠보니 기술 면접 전날 with JS, Python"
254,인터럽트에 대해 설명해 주세요.,,,백엔드,운영체제,"눈떠보니 기술 면접 전날 with JS, Python"
255,기아 상태(Starvation)에 대해서 설명해 주세요.,,,백엔드,운영체제,"눈떠보니 기술 면접 전날 with JS, Python"
256,에이징의 메커니즘은 무엇이고 언제 효과적인지 설명해 주세요.,,,백엔드,운영체제,"눈떠보니 기술 면접 전날 with JS, Python"
257,뮤텍스란에 대해서 설명해 주세요.,,,백엔드,운영체제,"눈떠보니 기술 면접 전날 with JS, Python"
258,세마포어란 무엇이며 뮤텍스와의 차이점은 무엇입니까?,,,백엔드,운영체제,"눈떠보니 기술 면접 전날 with JS, Python"
259,가상메모리가 무엇인가요?,,,백엔드,운영체제,"눈떠보니 기술 면접 전날 with JS, Python"
260,요구 페이징(Denand Paging)이란 무엇입니까?,,,백엔드,운영체제,"눈떠보니 기술 면접 전날 with JS, Python"
261,페이징(Paging)에 대해서 설명해 주세요.,,,백엔드,운영체제,"눈떠보니 기술 면접 전날 with JS, Python"
262,페이징 교체 알고리즘에 대해서 설명해 주세요.,,,백엔드,운영체제,"눈떠보니 기술 면접 전날 with JS, Python"
263,CPU 스케줄링(Scheduling)에 대해서 설명해 주세요.,,,백엔드,운영체제,"눈떠보니 기술 면접 전날 with JS, Python"
264,라운드 로빈 스케줄링(Round Robin Scheduling)이란 무엇인가요?,,,백엔드,운영체제,"눈떠보니 기술 면접 전날 with JS, Python"
265,스택 영역과 힙 영역의 차이점은 무엇입니까?,,,백엔드,운영체제,"눈떠보니 기술 면접 전날 with JS, Python"
266,캐시메모리에 대해서 설명해 주세요.,,,백엔드,운영체제,"눈떠보니 기술 면접 전날 with JS, Python"
267,캐시의 지역성에 대해서 설명해 주세요.,,,백엔드,운영체제,"눈떠보니 기술 면접 전날 with JS, Python"
268,교착 상태(DeadLock)란 무엇인지 설명해 주세요.,,,백엔드,운영체제,"눈떠보니 기술 면접 전날 with JS, Python"
269,교착 상태를 해결할 수 있는 방법을 설명해 주세요.,,,백엔드,운영체제,"눈떠보니 기술 면접 전날 with JS, Python"
270,프로세스와 쓰레드 차이에 관해 설명해 주세요.,,,백엔드,운영체제,"눈떠보니 기술 면접 전날 with JS, Python"
271,"프로세스 제어 블록(PCB, Process Control Block)에 대해 설명해 주세요.",,,백엔드,운영체제,"눈떠보니 기술 면접 전날 with JS, Python"
272,문맥 교환(Context Switch)에 대해 설명해 주세요.,,,백엔드,운영체제,"눈떠보니 기술 면접 전날 with JS, Python"
273,싱글 쓰레드와 멀티 쓰레드의 장단점에 대해서 설명해 주세요,,,백엔드,운영체제,"눈떠보니 기술 면접 전날 with JS, Python"
274,싱글 쓰레드와 멀티 쓰레드의 차이점에 대해서 설명해 주세요.,,,백엔드,운영체제,"눈떠보니 기술 면접 전날 with JS, Python"